"","Df","Sum Sq","Mean Sq","F value","Pr(>F)"
"Species_updated",8,83.4507243649061,10.4313405456133,24.0321223579394,1.85780472369093e-11
"Residuals",32,13.8898634289513,0.434058232154727,NA,NA
