"","Df","Sum Sq","Mean Sq","F value","Pr(>F)"
"Species_updated",9,136.841968079307,15.204663119923,37.2342392276972,2.51222396089103e-15
"Residuals",35,14.2923078391098,0.408351652545993,NA,NA
