"","Df","Sum Sq","Mean Sq","F value","Pr(>F)"
"Species_updated",9,69.2323098391043,7.69247887101159,5.59737272940579,2.70399859290436e-05
"Residuals",49,67.3407834177915,1.37430170240391,NA,NA
