"","Df","Sum Sq","Mean Sq","F value","Pr(>F)"
"Species_updated",10,74.4230096286883,7.44230096286883,5.68725721386262,9.87361525901124e-06
"Residuals",53,69.3553915709317,1.30859229379116,NA,NA
